{"cameraMode":{"drawMode":0,"name":"Shaded","section":"Shading Mode"},"sceneLighting":true,"audioPlay":false,"sceneViewState":{"showFog":true,"showMaterialUpdate":false,"showSkybox":true,"showFlares":true,"showImageEffects":true,"showParticleSystems":true},"in2DMode":false,"pivot":{"x":157.1937255859375,"y":530.35498046875,"z":108.91387939453125},"rotation":{"x":0.05422794073820114,"y":-0.04492335766553879,"z":0.002442700555548072,"w":0.9975172281265259},"size":238.4722137451172,"orthographic":false}