{"cameraMode":{"drawMode":0,"name":"Shaded","section":"Shading Mode"},"sceneLighting":true,"audioPlay":false,"sceneViewState":{"showFog":false,"showMaterialUpdate":false,"showSkybox":false,"showFlares":false,"showImageEffects":false,"showParticleSystems":false},"in2DMode":false,"pivot":{"x":-13.427701950073243,"y":22.014497756958009,"z":84.78663635253906},"rotation":{"x":0.2790418863296509,"y":0.4933759272098541,"z":-0.17082960903644563,"w":0.8059669733047485},"size":15.39121150970459,"orthographic":false}