{"cameraMode":{"drawMode":0,"name":"Shaded","section":"Shading Mode"},"sceneLighting":true,"audioPlay":false,"sceneViewState":{"showFog":true,"showMaterialUpdate":false,"showSkybox":true,"showFlares":true,"showImageEffects":true,"showParticleSystems":true},"in2DMode":false,"pivot":{"x":-0.4628954529762268,"y":0.5275830030441284,"z":5.741354465484619},"rotation":{"x":-0.14692999422550202,"y":0.1322178989648819,"z":-0.019821833819150926,"w":-0.9800702333450317},"size":19.041519165039064,"orthographic":false}